Type,Name,Request Count,Failure Count,Median Response Time,Average Response Time,Min Response Time,Max Response Time,Average Content Size,Requests/s,Failures/s,50%,66%,75%,80%,90%,95%,98%,99%,99.9%,99.99%,100%
GET,Access GET /,10807,0,4200.0,4933.572810487898,841.8740769993747,19673.759788998723,10498.997686684555,36.006676173040326,0.0,4200,5100,5900,6500,8800,11000,15000,16000,19000,19000,20000
GET,Access GET /cart,10195,0,2400.0,2843.1910425744813,399.3231160020514,13908.104736998212,6875.392153016184,33.96761946739577,0.0,2400,2800,3200,3400,4400,6800,9300,10000,13000,14000,14000
GET,Access GET /product/1YMWWN1N4O,2142,0,2600.0,3071.0380589766305,682.2871879994636,14495.113943001343,7902.6489262371615,7.136698469755935,0.0,2600,3200,3500,3800,4800,6900,9100,10000,13000,14000,14000
GET,Access GET /product/66VCHSJNUP,2066,0,2600.0,3156.9788464767944,692.6788849996228,15296.328860000358,7871.865924491772,6.883482277551709,0.0,2600,3200,3500,3800,5000,7400,9600,11000,15000,15000,15000
GET,Access GET /product/L9ECAV7KIM,2091,0,2600.0,3182.8218036565863,586.6889669996453,13376.691355999355,7875.674796747968,6.966777077618888,0.0,2600,3200,3700,3900,5200,7500,9400,10000,12000,13000,13000
GET,Access GET /product/LS4PSXUNUM,2077,0,2700.0,3201.9000917780086,459.67250000103377,14008.110915998259,7877.177660086663,6.920131989581268,0.0,2700,3200,3600,3900,5300,7800,9400,11000,13000,14000,14000
GET,Access GET /product/OLJCESPC7Z,2168,0,2600.0,3178.5588771429907,406.0615800008236,14900.906817998475,7903.499538745387,7.2233250618258005,0.0,2600,3100,3500,3800,5100,7600,10000,11000,14000,15000,15000
,Aggregated,31546,0,2900.0,3664.5114559327167,399.3231160020514,19673.759788998723,8454.69349521334,105.1047105167697,0.0,2900,3700,4300,4800,6800,8900,11000,13000,18000,19000,20000
