Type,Name,Request Count,Failure Count,Median Response Time,Average Response Time,Min Response Time,Max Response Time,Average Content Size,Requests/s,Failures/s,50%,66%,75%,80%,90%,95%,98%,99%,99.9%,99.99%,100%
GET,Access GET /,655,332,27,41.34566806106455,3.338084000006347,830.1969670001199,7708.679389312977,5.35125271209086,2.7123906876552146,27,37,43,47,72,130,220,320,830,830,830
GET,Access GET /cart,598,0,2011.136267999973,2031.7215481638825,2011.136267999973,2229.6814540000014,5110.943143812709,4.885571178366923,0.0,2000,2000,2000,2000,2000,2100,2100,2200,2200,2200,2200
GET,Access GET /product/1YMWWN1N4O,119,64,10,962.045690697503,2.338616000088223,2740.2538189999177,5549.310924369748,0.9722123247920799,0.5228704940058245,10,2000,2000,2000,2000,2100,2500,2700,2700,2700,2700
GET,Access GET /product/66VCHSJNUP,120,61,35,1020.6416898583276,1.9917880003958999,2776.0268209999595,5597.675,0.980382176260921,0.49836093959930144,69,2000,2000,2000,2000,2100,2400,2500,2800,2800,2800
GET,Access GET /product/L9ECAV7KIM,144,81,8,897.1522442221935,2.292194999881758,2298.2007720002002,5519.868055555556,1.176458611513105,0.6617579689761216,9,2000,2000,2000,2000,2000,2200,2300,2300,2300,2300
GET,Access GET /product/LS4PSXUNUM,117,74,9,763.916821059834,2.2668760002488852,2702.177738000046,5431.5641025641025,0.9558726218543979,0.6045690086942346,9,2000,2000,2000,2000,2100,2100,2200,2700,2700,2700
GET,Access GET /product/OLJCESPC7Z,111,60,11,942.4359450990759,2.531873999942036,2270.3066650001347,5565.504504504504,0.9068535130413519,0.4901910881304605,11,2000,2000,2000,2000,2100,2200,2200,2300,2300,2300
,Aggregated,1864,672,76,966.8400855665199,1.9917880003958999,2776.0268209999595,6161.879291845494,15.228603137919638,5.490140187061157,78,2000,2000,2000,2000,2000,2100,2200,2700,2800,2800
