Type,Name,Request Count,Failure Count,Median Response Time,Average Response Time,Min Response Time,Max Response Time,Average Content Size,Requests/s,Failures/s,50%,66%,75%,80%,90%,95%,98%,99%,99.9%,99.99%,100%
GET,Access GET /,8430,0,590.0,640.0269696987102,17.408141000487376,2580.0728860012896,10216.0,28.10337240593945,0.0,590,800,920,1000,1200,1300,1600,1700,2400,2600,2600
GET,Access GET /cart,8066,0,170.0,242.0709194494186,15.393061999930069,1221.5948379998736,6643.563352343169,26.889893455078006,0.0,170,230,300,360,510,650,820,950,1100,1200,1200
GET,Access GET /product/1YMWWN1N4O,1696,0,220.0,262.08646004418057,20.63900199937052,1411.7460800007393,7700.569575471698,5.6540118150027645,0.0,220,280,350,370,490,580,780,930,1400,1400,1400
GET,Access GET /product/66VCHSJNUP,1595,0,230.0,274.18263669537964,16.843290999531746,1581.1098230005882,7664.322884012539,5.317304743472529,0.0,230,280,360,380,530,640,850,1100,1400,1600,1600
GET,Access GET /product/L9ECAV7KIM,1631,0,220.0,271.96671116739384,17.319829999905778,1471.3373479971779,7670.770692826487,5.437319145206078,0.0,220,280,350,380,520,650,930,1100,1500,1500,1500
GET,Access GET /product/LS4PSXUNUM,1627,0,230.0,272.25389027595793,16.41847099745064,1509.3412559981516,7670.161032575292,5.4239842116801285,0.0,230,280,350,370,510,660,870,980,1500,1500,1500
GET,Access GET /product/OLJCESPC7Z,1690,0,230.0,264.5619030798823,19.631387000117684,1579.8686779999116,7703.626035502959,5.634009414713839,0.0,230,280,350,380,480,600,790,950,1400,1600,1600
,Aggregated,24735,0,260.0,386.63576851430116,15.393061999930069,2580.0728860012896,8207.080250656963,82.4598951910928,0.0,260,400,530,610,890,1100,1300,1500,2100,2500,2600
