Type,Name,Request Count,Failure Count,Median Response Time,Average Response Time,Min Response Time,Max Response Time,Average Content Size,Requests/s,Failures/s,50%,66%,75%,80%,90%,95%,98%,99%,99.9%,99.99%,100%
GET,Access GET /,1812,0,37,63.93235486811885,17.084441002225503,1037.501083999814,10216.0,6.040836486234418,0.0,37,43,48,56,110,200,410,690,990,1000,1000
GET,Access GET /cart,1772,0,31,42.50899042324132,14.269579001847887,711.7450630030362,6642.747178329571,5.907484687421295,0.0,31,35,38,40,53,94,210,310,710,710,710
GET,Access GET /product/1YMWWN1N4O,347,0,32,51.15580815260652,15.5668000006699,1010.808957998961,7701.109510086455,1.1568268547038316,0.0,32,38,41,43,62,150,310,550,1000,1000,1000
GET,Access GET /product/66VCHSJNUP,380,0,30,43.66317268157122,16.543703997740522,995.2850230001786,7663.763157894737,1.266842088724657,0.0,30,35,38,42,62,93,220,370,1000,1000,1000
GET,Access GET /product/L9ECAV7KIM,354,0,31,42.67444112144922,15.15320000180509,358.74001499905717,7670.988700564972,1.180163419496128,0.0,31,36,39,43,59,110,230,350,360,360,360
GET,Access GET /product/LS4PSXUNUM,370,0,31,50.12443718648708,15.856745001656236,701.0070469987113,7670.324324324324,1.2335041390213766,0.0,31,37,40,43,69,150,300,460,700,700,700
GET,Access GET /product/OLJCESPC7Z,349,0,32,41.51263387974173,15.80828000078327,795.2715190003801,7705.151862464183,1.1634944446444877,0.0,32,36,40,43,56,85,150,220,800,800,800
,Aggregated,5384,0,33,50.82747627024317,14.269579001847887,1037.501083999814,8192.701151560179,17.949152120246193,0.0,33,38,42,45,76,140,290,460,930,1000,1000
