Type,Name,Request Count,Failure Count,Median Response Time,Average Response Time,Min Response Time,Max Response Time,Average Content Size,Requests/s,Failures/s,50%,66%,75%,80%,90%,95%,98%,99%,99.9%,99.99%,100%
GET,Access GET /,5942,0,3600.0,3537.1090906078653,46.36592099996051,8227.372052999272,10498.996634129922,19.80973180446938,0.0,3600,4200,4600,4900,5500,5900,6400,6800,7700,8200,8200
GET,Access GET /cart,5580,0,2400.0,2392.4178676992938,176.9974850012659,6204.5287130004,6875.568100358423,18.60287840271611,0.0,2400,2800,3000,3200,3600,4000,4400,4700,5700,6200,6200
GET,Access GET /product/1YMWWN1N4O,1110,0,2700.0,2724.6198908459296,127.2126899984869,5987.474609999481,7898.865765765766,3.700572585486538,0.0,2700,3100,3400,3600,4100,4400,4900,5200,5900,6000,6000
GET,Access GET /product/66VCHSJNUP,1119,0,2600.0,2643.327264735465,108.96791199957079,6992.567418999897,7870.800714924039,3.730577228071564,0.0,2600,3100,3300,3500,4000,4300,4800,5200,6500,7000,7000
GET,Access GET /product/L9ECAV7KIM,1167,0,2700.0,2687.953995336749,109.66955900039466,5889.387744999112,7868.3076263924595,3.8906019885250362,0.0,2700,3100,3400,3600,4000,4400,4900,5100,5600,5900,5900
GET,Access GET /product/LS4PSXUNUM,1188,0,2800.0,2717.727264319898,85.66455300024245,6193.648005999421,7866.539562289562,3.96061282122343,0.0,2800,3100,3400,3600,4100,4500,5100,5400,6000,6200,6200
GET,Access GET /product/OLJCESPC7Z,1184,0,2700.0,2694.350071286311,127.31985100072052,6194.841513999563,7900.372466216216,3.947277424518974,0.0,2700,3200,3400,3600,4100,4500,4900,5100,6000,6200,6200
,Aggregated,17290,0,2800.0,2886.351532284841,46.36592099996051,8227.372052999272,8456.198958935802,57.64225225501103,0.0,2800,3300,3700,3900,4600,5200,5900,6300,7300,8200,8200
