Type,Name,Request Count,Failure Count,Median Response Time,Average Response Time,Min Response Time,Max Response Time,Average Content Size,Requests/s,Failures/s,50%,66%,75%,80%,90%,95%,98%,99%,99.9%,99.99%,100%
GET,Access GET /,1802,0,42,103.14373225857535,16.17330699991726,1462.279982999462,10499.0,6.009755295566155,0.0,42,59,88,110,230,400,830,1000,1400,1500,1500
GET,Access GET /cart,1751,0,34,70.04200966647733,13.493657001163228,1000.029913000617,6874.995431182181,5.839667881540698,0.0,34,43,57,86,180,270,390,600,990,1000,1000
GET,Access GET /product/1YMWWN1N4O,357,0,37,89.31709098598593,15.081560999533394,1051.6548049999983,7978.733893557423,1.1906118981782006,0.0,37,51,86,110,210,380,610,820,1100,1100,1100
GET,Access GET /product/66VCHSJNUP,338,0,37,89.86067439939598,15.539772000920493,1057.1691959994496,7941.461538461538,1.1272459988353831,0.0,37,50,87,100,190,400,820,950,1100,1100,1100
GET,Access GET /product/L9ECAV7KIM,380,0,37,95.54790391055002,15.230077999149216,1218.2700660014234,7948.752631578947,1.267317986856348,0.0,37,48,72,90,190,620,820,980,1200,1200,1200
GET,Access GET /product/LS4PSXUNUM,341,0,35,96.34086931672117,15.343670998845482,1132.0662210000592,7945.75073313783,1.1372511408368806,0.0,35,47,73,100,230,430,740,960,1100,1100,1100
GET,Access GET /product/OLJCESPC7Z,377,0,34,87.95287571078445,15.05183900007978,1127.8372130000207,7979.732095490716,1.2573128448548505,0.0,34,41,56,79,200,490,770,1000,1100,1100,1100
,Aggregated,5346,0,37,88.49351813522719,13.493657001163228,1462.279982999462,8460.217545828657,17.829163046668516,0.0,37,49,76,96,190,340,670,900,1200,1500,1500
