Type,Name,Request Count,Failure Count,Median Response Time,Average Response Time,Min Response Time,Max Response Time,Average Content Size,Requests/s,Failures/s,50%,66%,75%,80%,90%,95%,98%,99%,99.9%,99.99%,100%
GET,Access GET /,908,211,37,61.030741298460086,3.7885929998537904,895.902248000084,9219.754405286343,5.046592285880389,1.1727213351550243,37,43,50,56,120,250,430,540,900,900,900
GET,Access GET /cart,849,0,2008.627377000039,2037.2085552379235,2008.627377000039,2962.0473239999683,5401.643109540636,4.718674945718558,0.0,2000,2000,2000,2000,2000,2100,2100,2200,3000,3000,3000
GET,Access GET /product/1YMWWN1N4O,158,34,2000.0,1609.8747059683456,2.428431999987879,2608.4398240000155,6240.797468354431,0.8781515211113453,0.18896931466953,2000,2000,2000,2000,2100,2100,2100,2300,2600,2600,2600
GET,Access GET /product/66VCHSJNUP,190,36,2000.0,1675.1300762578956,2.4163080001926573,3081.9641809998757,6238.0842105263155,1.056004993741491,0.2000851567089141,2000,2000,2000,2000,2100,2200,2300,2800,3100,3100,3100
GET,Access GET /product/L9ECAV7KIM,172,39,2000.0,1584.8305693953473,2.233295999985785,2838.433582999869,6209.633720930233,0.9559624153870341,0.21675891976799028,2000,2000,2000,2000,2100,2100,2100,2300,2800,2800,2800
GET,Access GET /product/LS4PSXUNUM,193,45,2000.0,1580.8529783626916,2.180606000138141,3054.1064379999625,6187.891191709845,1.0726787568005673,0.2501064458861426,2000,2000,2000,2000,2100,2100,2400,2700,3100,3100,3100
GET,Access GET /product/OLJCESPC7Z,186,45,2000.0,1556.3153607956974,1.8685679999634885,3089.96128900003,6147.333333333333,1.0337733096627229,0.2501064458861426,2000,2000,2000,2000,2100,2100,2200,2200,3100,3100,3100
,Aggregated,2656,410,2000.0,1214.160781022589,1.8685679999634885,3089.96128900003,6978.3652108433735,14.761838228302107,2.278747618073744,2000,2000,2000,2000,2000,2100,2100,2200,3100,3100,3100
