Type,Name,Request Count,Failure Count,Median Response Time,Average Response Time,Min Response Time,Max Response Time,Average Content Size,Requests/s,Failures/s,50%,66%,75%,80%,90%,95%,98%,99%,99.9%,99.99%,100%
GET,Access GET /,5549,0,3400.0,3474.557058408893,7.708052000452881,8520.807877001062,10498.989187240944,20.58996128276271,0.0,3400,4100,4500,4800,5500,6100,6600,7000,7800,8500,8500
GET,Access GET /cart,5344,0,1700.0,1769.469445013269,5.830348000017693,5694.525385999441,6875.793038922156,19.82929412418164,0.0,1700,2100,2300,2500,3000,3500,4100,4500,5400,5700,5700
GET,Access GET /product/1YMWWN1N4O,1060,0,2000.0,2049.4122311801534,5.858344000444049,5307.4097680000705,7938.233018867924,3.9332057955899216,0.0,2000,2500,2700,2900,3400,3900,4500,4800,5200,5300,5300
GET,Access GET /product/66VCHSJNUP,1146,0,2000.0,2072.687116571535,6.222535999768297,5794.478265001089,7904.380453752182,4.252314945043444,0.0,2000,2500,2700,2900,3500,4000,4400,4500,5600,5800,5800
GET,Access GET /product/L9ECAV7KIM,1114,0,2000.0,2036.7661756382502,6.2400910010183,5868.293092999011,7904.82315978456,4.133576656874691,0.0,2000,2400,2700,2900,3500,3900,4300,4600,5300,5900,5900
GET,Access GET /product/LS4PSXUNUM,1052,0,2000.0,2032.8740063317182,5.059062999862363,5327.664828000707,7907.572243346008,3.9035212235477332,0.0,2000,2400,2700,2900,3400,3900,4400,4900,5300,5300,5300
GET,Access GET /product/OLJCESPC7Z,1054,0,2000.0,2083.4066875863095,6.914634001077502,5425.166752000223,7937.3889943074,3.9109423665582805,0.0,2000,2500,2800,3000,3600,4000,4400,4500,5300,5400,5400
,Aggregated,16319,0,2200.0,2444.2361575428413,5.059062999862363,8520.807877001062,8454.367485752804,60.55281639455842,0.0,2200,2800,3300,3600,4400,5200,5900,6400,7400,8200,8500
